Type,Name,Request Count,Failure Count,Median Response Time,Average Response Time,Min Response Time,Max Response Time,Average Content Size,Requests/s,Failures/s,50%,66%,75%,80%,90%,95%,98%,99%,99.9%,99.99%,100%
GET,/,1334069,651706,26,113.884114767651,0.47740599256940186,12381.969127993216,2476.1232612406106,640.123956727221,312.70693145772094,26,35,51,67,160,390,950,2000,8200,12000,12000
,Aggregated,1334069,651706,26,113.884114767651,0.47740599256940186,12381.969127993216,2476.1232612406106,640.123956727221,312.70693145772094,26,35,51,67,160,390,950,2000,8200,12000,12000
