Type,Name,Request Count,Failure Count,Median Response Time,Average Response Time,Min Response Time,Max Response Time,Average Content Size,Requests/s,Failures/s,50%,66%,75%,80%,90%,95%,98%,99%,99.9%,99.99%,100%
GET,/,28566,170,25,29.145811000178888,0.9996309963753447,1322.7124989934964,4812.19057620948,165.40871714552816,0.9843688971063428,25,26,27,27,31,43,82,160,300,1200,1300
,Aggregated,28566,170,25,29.145811000178888,0.9996309963753447,1322.7124989934964,4812.19057620948,165.40871714552816,0.9843688971063428,25,26,27,27,31,43,82,160,300,1200,1300
